path,page_num,label
/content/drive/MyDrive/Mining documents/Correspondences/AB_MandateLetters/2023/tec-mandate-letter-transportation-and-economic-corridors-2023.pdf,1,correspondence
/content/drive/MyDrive/Mining documents/Correspondences/AB_MandateLetters/2023/im-mandate-letter-immigration-and-multiculturalism-2023.pdf,1,correspondence
/content/drive/MyDrive/Mining documents/Correspondences/AB_MandateLetters/2023/jus-mandate-letter-justice-2023.pdf,1,correspondence
/content/drive/MyDrive/Mining documents/Correspondences/AB_MandateLetters/2023/fp-mandate-letter-forestry-and-parks-2023.pdf,1,correspondence
/content/drive/MyDrive/Mining documents/Correspondences/AB_MandateLetters/2023/ti-mandate-letter-technology-and-innovation-2023.pdf,1,correspondence
/content/drive/MyDrive/Mining documents/Correspondences/AB_MandateLetters/2023/em-mandate-letter-energy-and-minerals.pdf,1,correspondence
/content/drive/MyDrive/Mining documents/Correspondences/AB_MandateLetters/2023/ir-mandate-letter-indigenous-relations-2023.pdf,1,correspondence
/content/drive/MyDrive/Mining documents/Correspondences/AB_MandateLetters/2023/cfs-mandate-letter-children-and-family-services-2023.pdf,1,correspondence
/content/drive/MyDrive/Mining documents/Correspondences/AB_MandateLetters/2023/jet-mandate-letter-jobs-economy-trade.pdf,1,correspondence
/content/drive/MyDrive/Mining documents/Correspondences/AB_MandateLetters/2023/educ-mandate-letter-education-2023.pdf,1,correspondence
/content/drive/MyDrive/Mining documents/Correspondences/AB_MandateLetters/2023/tbf-mandate-letter-treasury-board-and-finance-2023.pdf,1,correspondence
/content/drive/MyDrive/Mining documents/Correspondences/AB_MandateLetters/2023/hlth-mandate-letter-health-2023.pdf,1,correspondence
/content/drive/MyDrive/Mining documents/Correspondences/AB_MandateLetters/2023/epa-mandate-letter-environment-and-protected-areas-2023.pdf,1,correspondence
/content/drive/MyDrive/Mining documents/Correspondences/AB_MandateLetters/2023/agi-mandate-letter-agriculture-and-irrigation-2023.pdf,1,correspondence
/content/drive/MyDrive/Mining documents/Correspondences/AB_MandateLetters/2023/mha-mandate-letter-mental-health-and-addiction-2023.pdf,1,correspondence
/content/drive/MyDrive/Mining documents/Correspondences/AB_MandateLetters/2023/ma-mandate-letter-municipal-affairs-2023.pdf,1,correspondence
/content/drive/MyDrive/Mining documents/Correspondences/AB_MandateLetters/2023/ts-mandate-letter-tourism-and-sport-2023.pdf,1,correspondence
/content/drive/MyDrive/Mining documents/Correspondences/AB_MandateLetters/2023/pses-mandate-letter-public-safety-and-emergency-services-2023.pdf,1,correspondence
/content/drive/MyDrive/Mining documents/Correspondences/AB_MandateLetters/2023/sartr-mandate-letter-service-alberta-and-red-tape-reduction-2023.pdf,1,correspondence
/content/drive/MyDrive/Mining documents/Correspondences/AB_MandateLetters/2023/au-mandate-letter-affordability-and-utilities-2023.pdf,1,correspondence
/content/drive/MyDrive/Mining documents/Correspondences/AB_MandateLetters/2023/ae-mandate-letter-advanced-education-2023.pdf,1,correspondence
/content/drive/MyDrive/Mining documents/Correspondences/AB_MandateLetters/2023/scss-mandate-letter-seniors-community-and-social-services-2023.pdf,1,correspondence
/content/drive/MyDrive/Mining documents/Correspondences/AB_MandateLetters/2023/infra-mandate-letter-infrastructure-2023.pdf,1,correspondence
/content/drive/MyDrive/Mining documents/Correspondences/AB_MandateLetters/2023/acsw-mandate-letter-arts-culture-and-status-of-women-2023.pdf,1,correspondence
/content/drive/MyDrive/Mining documents/Correspondences/AB_MandateLetters/2022/tran-mandate-letter-transportation-and-economic-corridors.pdf,1,correspondence
/content/drive/MyDrive/Mining documents/Correspondences/AB_MandateLetters/2022/jend-mandate-letter-jobs-economy-and-northern-development.pdf,1,correspondence
/content/drive/MyDrive/Mining documents/Correspondences/AB_MandateLetters/2022/fpt-mandate-letter-forestry-parks-and-tourism.pdf,1,correspondence
/content/drive/MyDrive/Mining documents/Correspondences/AB_MandateLetters/2022/ir-mandate-letter-indigenous-relations.pdf,1,correspondence
/content/drive/MyDrive/Mining documents/Correspondences/AB_MandateLetters/2022/ae-mandate-letter-advanced-education.pdf,1,correspondence
/content/drive/MyDrive/Mining documents/Correspondences/AB_MandateLetters/2022/sartr-mandate-letter-service-alberta-and-red-tape-reduction.pdf,1,correspondence
/content/drive/MyDrive/Mining documents/Correspondences/AB_MandateLetters/2022/enr-mandate-letter-energy.pdf,1,correspondence
/content/drive/MyDrive/Mining documents/Correspondences/AB_MandateLetters/2022/infra-mandate-letter-infrastructure.pdf,1,correspondence
/content/drive/MyDrive/Mining documents/Correspondences/AB_MandateLetters/2022/cs-mandate-letter-childrens-services.pdf,1,correspondence
/content/drive/MyDrive/Mining documents/Correspondences/AB_MandateLetters/2022/ti-mandate-letter-technology-and-innovation.pdf,1,correspondence
/content/drive/MyDrive/Mining documents/Correspondences/AB_MandateLetters/2022/stp-mandate-letter-skilled-trades-and-professions.pdf,1,correspondence
/content/drive/MyDrive/Mining documents/Correspondences/AB_MandateLetters/2022/educ-mandate-letter-education.pdf,1,correspondence
/content/drive/MyDrive/Mining documents/Correspondences/AB_MandateLetters/2022/agi-mandate-letter-agriculture-and-irrigation.pdf,1,correspondence
/content/drive/MyDrive/Mining documents/Correspondences/AB_MandateLetters/2022/jus-mandate-letter-justice.pdf,1,correspondence
/content/drive/MyDrive/Mining documents/Correspondences/AB_MandateLetters/2022/igr-mandate-letter-dm-intergovernmental-relations.pdf,1,correspondence
/content/drive/MyDrive/Mining documents/Correspondences/AB_MandateLetters/2022/tim-mandate-letter-trade-immigration-multiculturalism.pdf,1,correspondence
/content/drive/MyDrive/Mining documents/Correspondences/AB_MandateLetters/2022/tbf-mandate-letter-treasury-board-and-finance.pdf,1,correspondence
/content/drive/MyDrive/Mining documents/Correspondences/AB_MandateLetters/2022/cul-mandate-letter-culture.pdf,1,correspondence
/content/drive/MyDrive/Mining documents/Correspondences/AB_MandateLetters/2022/epa-mandate-letter-environment-and-protected-areas.pdf,1,correspondence
/content/drive/MyDrive/Mining documents/Correspondences/AB_MandateLetters/2022/ma-mandate-letter-municipal-affairs.pdf,1,correspondence
/content/drive/MyDrive/Mining documents/Correspondences/AB_MandateLetters/2022/mha-mandate-letter-mental-health-and-addictions.pdf,1,correspondence
/content/drive/MyDrive/Mining documents/Correspondences/AB_MandateLetters/2022/pses-mandate-letter-public-safety-and-emergency-services.pdf,1,correspondence
/content/drive/MyDrive/Mining documents/Correspondences/AB_MandateLetters/2022/hlth-mandate-letter-health.pdf,1,correspondence
/content/drive/MyDrive/Mining documents/Correspondences/AB_MandateLetters/2022/au-mandate-letter-affordability-utilities.pdf,1,correspondence
/content/drive/MyDrive/Mining documents/Correspondences/AB_MandateLetters/2022/scss-mandate-letter-seniors-community-social-services.pdf,1,correspondence
/content/drive/MyDrive/Mining documents/Correspondences/BC_CrownCorp/destination_bc_corp.pdf,1,correspondence
/content/drive/MyDrive/Mining documents/Correspondences/BC_CrownCorp/forestry_innovation_investment.pdf,1,correspondence
/content/drive/MyDrive/Mining documents/Correspondences/BC_CrownCorp/forestry_innovation_investment_2023_2024.pdf,1,correspondence
/content/drive/MyDrive/Mining documents/Correspondences/BC_CrownCorp/bc_transit_2023_2024.pdf,1,correspondence
/content/drive/MyDrive/Mining documents/Correspondences/BC_CrownCorp/community_living_bc_2023_2024.pdf,1,correspondence
/content/drive/MyDrive/Mining documents/Correspondences/BC_CrownCorp/forest_enhancement_society_of_bc.pdf,1,correspondence
/content/drive/MyDrive/Mining documents/Correspondences/BC_CrownCorp/legal_aid_bc_2023_2024.pdf,1,correspondence
/content/drive/MyDrive/Mining documents/Correspondences/BC_CrownCorp/bc_housing_2023_2024.pdf,1,correspondence
/content/drive/MyDrive/Mining documents/Correspondences/BC_CrownCorp/bc_infrastructure_benefits_2023_2024.pdf,1,correspondence
/content/drive/MyDrive/Mining documents/Correspondences/BC_CrownCorp/bc_energy_regulator_2023_2024.pdf,1,correspondence
/content/drive/MyDrive/Mining documents/Correspondences/BC_CrownCorp/industry_training_authority.pdf,1,correspondence
/content/drive/MyDrive/Mining documents/Correspondences/BC_CrownCorp/inbc_investment_corp_2023_2024.pdf,1,correspondence
/content/drive/MyDrive/Mining documents/Correspondences/BC_CrownCorp/bc_assessment.pdf,1,correspondence
/content/drive/MyDrive/Mining documents/Correspondences/BC_CrownCorp/bc_infrastructure_benefits.pdf,1,correspondence
/content/drive/MyDrive/Mining documents/Correspondences/BC_CrownCorp/bc_housing.pdf,1,correspondence
/content/drive/MyDrive/Mining documents/Correspondences/BC_CrownCorp/innovate_bc_2023_2024.pdf,1,correspondence
/content/drive/MyDrive/Mining documents/Correspondences/BC_CrownCorp/bc_hydro.pdf,1,correspondence
/content/drive/MyDrive/Mining documents/Correspondences/BC_CrownCorp/infrastructure_bc_2023_2024.pdf,1,correspondence
/content/drive/MyDrive/Mining documents/Correspondences/BC_CrownCorp/forest_enhancement_society_bc_2023_2024.pdf,1,correspondence
/content/drive/MyDrive/Mining documents/Correspondences/BC_CrownCorp/bc_family_maintenance_2023_2024.pdf,1,correspondence
/content/drive/MyDrive/Mining documents/Correspondences/BC_CrownCorp/bc_pavilion_corporation.pdf,1,correspondence
/content/drive/MyDrive/Mining documents/Correspondences/BC_CrownCorp/bc_family_maintenance_agency.pdf,1,correspondence
/content/drive/MyDrive/Mining documents/Correspondences/BC_CrownCorp/columbia_basin_trust.pdf,1,correspondence
/content/drive/MyDrive/Mining documents/Correspondences/BC_CrownCorp/innovate_bc.pdf,1,correspondence
/content/drive/MyDrive/Mining documents/Correspondences/BC_CrownCorp/columbia_power_corporation_2023_2024.pdf,1,correspondence
/content/drive/MyDrive/Mining documents/Correspondences/BC_CrownCorp/infrastructure_bc.pdf,1,correspondence
/content/drive/MyDrive/Mining documents/Correspondences/BC_CrownCorp/bc_lottery_corporation_2023_2024.pdf,1,correspondence
/content/drive/MyDrive/Mining documents/Correspondences/BC_CrownCorp/bc_assessment_2023_2024.pdf,1,correspondence
/content/drive/MyDrive/Mining documents/Correspondences/BC_CrownCorp/community_living_bc_2021_2022.pdf,1,correspondence
/content/drive/MyDrive/Mining documents/Correspondences/BC_CrownCorp/first_peoples_cultural_council.pdf,1,correspondence
/content/drive/MyDrive/Mining documents/Correspondences/BC_CrownCorp/bc_oil_and_gas_commission.pdf,1,correspondence
/content/drive/MyDrive/Mining documents/Correspondences/BC_CrownCorp/bc_securities_commission_2023_2024.pdf,1,correspondence
/content/drive/MyDrive/Mining documents/Correspondences/BC_CrownCorp/knowledge_network_2023_2024.pdf,1,correspondence
/content/drive/MyDrive/Mining documents/Correspondences/BC_CrownCorp/first_peoples_cultural_council_2023_2024.pdf,1,correspondence
/content/drive/MyDrive/Mining documents/Correspondences/BC_CrownCorp/bc_lottery_corporation.pdf,1,correspondence
/content/drive/MyDrive/Mining documents/Correspondences/BC_CrownCorp/destination_bc_2023_2024.pdf,1,correspondence
/content/drive/MyDrive/Mining documents/Correspondences/BC_CrownCorp/bc_council_for_international_education.pdf,1,correspondence
/content/drive/MyDrive/Mining documents/Correspondences/BC_CrownCorp/bc_council_for_international_education_2023_2024.pdf,1,correspondence
/content/drive/MyDrive/Mining documents/Correspondences/BC_CrownCorp/bc_transit.pdf,1,correspondence
/content/drive/MyDrive/Mining documents/Correspondences/BC_CrownCorp/bc_securities_commission.pdf,1,correspondence
/content/drive/MyDrive/Mining documents/Correspondences/BC_CrownCorp/inbc_investment_corp.pdf,1,correspondence
/content/drive/MyDrive/Mining documents/Correspondences/BC_CrownCorp/knowledge_network.pdf,1,correspondence
/content/drive/MyDrive/Mining documents/Correspondences/BC_CrownCorp/bc_hydro_2023_2024.pdf,1,correspondence
/content/drive/MyDrive/Mining documents/Correspondences/BC_CrownCorp/columbia_power_corporation.pdf,1,correspondence
/content/drive/MyDrive/Mining documents/Correspondences/BC_CrownCorp/royal_bc_museum.pdf,1,correspondence
/content/drive/MyDrive/Mining documents/Correspondences/BC_CrownCorp/legal_aid_bc.pdf,1,correspondence
/content/drive/MyDrive/Mining documents/Correspondences/BC_MandateLetters/citz_chow.pdf,1,correspondence
/content/drive/MyDrive/Mining documents/Correspondences/BC_MandateLetters/cfd_-_lore.pdf,1,correspondence
/content/drive/MyDrive/Mining documents/Correspondences/BC_MandateLetters/fin_-_conroy.pdf,1,correspondence
/content/drive/MyDrive/Mining documents/Correspondences/BC_MandateLetters/emli_-_osborne.pdf,1,correspondence
/content/drive/MyDrive/Mining documents/Correspondences/BC_MandateLetters/jedi_-_rural_development_-_russell.pdf,1,correspondence
/content/drive/MyDrive/Mining documents/Correspondences/BC_MandateLetters/tacs_-_popham.pdf,1,correspondence
/content/drive/MyDrive/Mining documents/Correspondences/BC_MandateLetters/psfs_beare.pdf,1,correspondence
/content/drive/MyDrive/Mining documents/Correspondences/BC_MandateLetters/tacs_-_arts__film_-_deith.pdf,1,correspondence
/content/drive/MyDrive/Mining documents/Correspondences/BC_MandateLetters/trd_-_brar.pdf,1,correspondence
/content/drive/MyDrive/Mining documents/Correspondences/BC_MandateLetters/af_-_alexis.pdf,1,correspondence
/content/drive/MyDrive/Mining documents/Correspondences/BC_MandateLetters/hlth_dix.pdf,1,correspondence
/content/drive/MyDrive/Mining documents/Correspondences/BC_MandateLetters/sdpr_-_cdnp_-_dykeman.pdf,1,correspondence
/content/drive/MyDrive/Mining documents/Correspondences/BC_MandateLetters/for_-_value-added_manufacturing_-_routley.pdf,1,correspondence
/content/drive/MyDrive/Mining documents/Correspondences/BC_MandateLetters/lbr_-_bains.pdf,1,correspondence
/content/drive/MyDrive/Mining documents/Correspondences/BC_MandateLetters/muni_-_kang.pdf,1,correspondence
/content/drive/MyDrive/Mining documents/Correspondences/BC_MandateLetters/hlth_-_ssltc_-_sandhu.pdf,1,correspondence
/content/drive/MyDrive/Mining documents/Correspondences/BC_MandateLetters/wlrs_-_watershed_restoration_-_donnelly.pdf,1,correspondence
/content/drive/MyDrive/Mining documents/Correspondences/BC_MandateLetters/sdpr_-_malcolmson.pdf,1,correspondence
/content/drive/MyDrive/Mining documents/Correspondences/BC_MandateLetters/env_-_heyman.pdf,1,correspondence
/content/drive/MyDrive/Mining documents/Correspondences/BC_MandateLetters/mmha_-_whiteside.pdf,1,correspondence
/content/drive/MyDrive/Mining documents/Correspondences/BC_MandateLetters/ecc_-_singh-r.pdf,1,correspondence
/content/drive/MyDrive/Mining documents/Correspondences/BC_MandateLetters/ag_-_sharma.pdf,1,correspondence
/content/drive/MyDrive/Mining documents/Correspondences/BC_MandateLetters/env_-_environment_-_singh-a.pdf,1,correspondence
/content/drive/MyDrive/Mining documents/Correspondences/BC_MandateLetters/pssg_-_farnworth.pdf,1,correspondence
/content/drive/MyDrive/Mining documents/Correspondences/BC_MandateLetters/tacs_-_tourism_-_anderson.pdf,1,correspondence
/content/drive/MyDrive/Mining documents/Correspondences/BC_MandateLetters/emcr_-_ma.pdf,1,correspondence
/content/drive/MyDrive/Mining documents/Correspondences/BC_MandateLetters/lbr_-_labour_-_routledge.pdf,1,correspondence
/content/drive/MyDrive/Mining documents/Correspondences/BC_MandateLetters/sdpr_-_accessibility_-_chant.pdf,1,correspondence
/content/drive/MyDrive/Mining documents/Correspondences/BC_MandateLetters/irr_-_rankin.pdf,1,correspondence
/content/drive/MyDrive/Mining documents/Correspondences/BC_MandateLetters/for_-_ralston.pdf,1,correspondence
/content/drive/MyDrive/Mining documents/Correspondences/BC_MandateLetters/it_-_coulter.pdf,1,correspondence
/content/drive/MyDrive/Mining documents/Correspondences/BC_MandateLetters/mos_-_child_care_-_dean.pdf,1,correspondence
/content/drive/MyDrive/Mining documents/Correspondences/BC_MandateLetters/psfs_ps_intl_cred_parmar.pdf,1,correspondence
/content/drive/MyDrive/Mining documents/Correspondences/BC_MandateLetters/hous_-_kahlon.pdf,1,correspondence
/content/drive/MyDrive/Mining documents/Correspondences/BC_MandateLetters/wlrs_-_cullen.pdf,1,correspondence
/content/drive/MyDrive/Mining documents/Correspondences/BC_MandateLetters/mos_-_sustainable_forestry_innovation_-_mercier.pdf,1,correspondence
/content/drive/MyDrive/Mining documents/Correspondences/BC_MandateLetters/jedi_-_bailey.pdf,1,correspondence
/content/drive/MyDrive/Mining documents/Correspondences/BC_MandateLetters/fin_-_gender_equity_-_paddon.pdf,1,correspondence
/content/drive/MyDrive/Mining documents/Correspondences/BC_MandateLetters/wlrs_-_fisheries__aquaculture_-_greene.pdf,1,correspondence
/content/drive/MyDrive/Mining documents/Correspondences/BC_MandateLetters/hlth_-_rural_health_-_rice.pdf,1,correspondence
/content/drive/MyDrive/Mining documents/Correspondences/BC_MandateLetters/ag_-_anti-racism_initiatives_-_elmore.pdf,1,correspondence
/content/drive/MyDrive/Mining documents/Correspondences/BC_MandateLetters/tran_-_fleming.pdf,1,correspondence
/content/drive/MyDrive/Mining documents/Correspondences/PM_MandateLetters/2021/Minister of International Development and Minister responsible for the Pacific Economic Development Agency of Canada Mandate Letter _ Prime Minister of Canada.pdf,1,correspondence
"/content/drive/MyDrive/Mining documents/Correspondences/PM_MandateLetters/2021/ARCHIVED - Minister of Innovation, Science and Industry Supplementary Mandate Letter _ Prime Minister of Canada.pdf",1,correspondence
/content/drive/MyDrive/Mining documents/Correspondences/PM_MandateLetters/2021/President of the Treasury Board Mandate Letter _ Prime Minister of Canada.pdf,1,correspondence
"/content/drive/MyDrive/Mining documents/Correspondences/PM_MandateLetters/2021/Minister of Intergovernmental Affairs, Infrastructure and Communities Mandate Letter _ Prime Minister of Canada.pdf",1,correspondence
/content/drive/MyDrive/Mining documents/Correspondences/PM_MandateLetters/2021/Minister of Veterans Affairs and Associate Minister of National Defence Mandate Letter _ Prime Minister of Canada.pdf,1,correspondence
"/content/drive/MyDrive/Mining documents/Correspondences/PM_MandateLetters/2021/Minister of Northern Affairs, Minister responsible for Prairies Economic Development Canada and Minister responsible for the Canadian Northern Economic Development Agency Mandate Letter _ Prime Minister of Canada.pdf",1,correspondence
/content/drive/MyDrive/Mining documents/Correspondences/PM_MandateLetters/2021/ARCHIVED - Minister for Women and Gender Equality and Rural Economic Development Supplementary Mandate Letter _ Prime Minister of Canada.pdf,1,correspondence
/content/drive/MyDrive/Mining documents/Correspondences/PM_MandateLetters/2021/Minister of Rural Economic Development Mandate Letter _ Prime Minister of Canada.pdf,1,correspondence
/content/drive/MyDrive/Mining documents/Correspondences/PM_MandateLetters/2021/ARCHIVED - Minister of Northern Affairs Mandate Letter Supplementary Mandate Letter _ Prime Minister of Canada.pdf,1,correspondence
/content/drive/MyDrive/Mining documents/Correspondences/PM_MandateLetters/2021/Minister for Women and Gender Equality and Youth Mandate Letter _ Prime Minister of Canada.pdf,1,correspondence
/content/drive/MyDrive/Mining documents/Correspondences/PM_MandateLetters/2021/Minister of Official Languages and Minister responsible for the Atlantic Canada Opportunities Agency Mandate Letter _ Prime Minister of Canada.pdf,1,correspondence
/content/drive/MyDrive/Mining documents/Correspondences/PM_MandateLetters/2021/ARCHIVED - Minister of Indigenous Services Supplementary Mandate Letter _ Prime Minister of Canada.pdf,1,correspondence
"/content/drive/MyDrive/Mining documents/Correspondences/PM_MandateLetters/2021/ARCHIVED - Minister of Immigration, Refugees and Citizenship Supplementary Mandate Letter _ Prime Minister of Canada.pdf",1,correspondence
/content/drive/MyDrive/Mining documents/Correspondences/PM_MandateLetters/2021/ARCHIVED - Minister of Labour Supplementary Mandate Letter _ Prime Minister of Canada.pdf,1,correspondence
/content/drive/MyDrive/Mining documents/Correspondences/PM_MandateLetters/2021/ARCHIVED - Minister of National Revenue Supplementary Mandate Letter _ Prime Minister of Canada.pdf,1,correspondence
/content/drive/MyDrive/Mining documents/Correspondences/PM_MandateLetters/2021/ARCHIVED - Minister of Health Supplementary Mandate Letter _ Prime Minister of Canada.pdf,1,correspondence
"/content/drive/MyDrive/Mining documents/Correspondences/PM_MandateLetters/2021/ARCHIVED - Minister of Small Business, Export Promotion and International Trade Supplementary Mandate Letter _ Prime Minister of Canada.pdf",1,correspondence
/content/drive/MyDrive/Mining documents/Correspondences/PM_MandateLetters/2021/ARCHIVED - Minister of Environment and Climate Change Supplementary Mandate Letter _ Prime Minister of Canada.pdf,1,correspondence
/content/drive/MyDrive/Mining documents/Correspondences/PM_MandateLetters/2021/ARCHIVED - Minister of Seniors Supplementary Mandate Letter _ Prime Minister of Canada.pdf,1,correspondence
/content/drive/MyDrive/Mining documents/Correspondences/PM_MandateLetters/2021/ARCHIVED - Minister of Veterans Affairs and Associate Minister of National Defence Supplementary Mandate Letter _ Prime Minister of Canada.pdf,1,correspondence
/content/drive/MyDrive/Mining documents/Correspondences/PM_MandateLetters/2021/ARCHIVED - Minister of International Development Supplementary Mandate Letter _ Prime Minister of Canada.pdf,1,correspondence
/content/drive/MyDrive/Mining documents/Correspondences/PM_MandateLetters/2021/Minister of Canadian Heritage Mandate Letter _ Prime Minister of Canada.pdf,1,correspondence
"/content/drive/MyDrive/Mining documents/Correspondences/PM_MandateLetters/2021/Minister of Innovation, Science and Industry Mandate Letter _ Prime Minister of Canada.pdf",1,correspondence
/content/drive/MyDrive/Mining documents/Correspondences/PM_MandateLetters/2021/Minister of Public Safety Mandate Letter _ Prime Minister of Canada.pdf,1,correspondence
/content/drive/MyDrive/Mining documents/Correspondences/PM_MandateLetters/2021/ARCHIVED - Minister of Infrastructure and Communities Supplementary Mandate Letter _ Prime Minister of Canada.pdf,1,correspondence
/content/drive/MyDrive/Mining documents/Correspondences/PM_MandateLetters/2021/Minister of Sport and Minister responsible for the Economic Development Agency of Canada for the Regions of Quebec Mandate Letter _ Prime Minister of Canada.pdf,1,correspondence
/content/drive/MyDrive/Mining documents/Correspondences/PM_MandateLetters/2021/ARCHIVED - President of the Treasury Board Supplementary Mandate Letter _ Prime Minister of Canada.pdf,1,correspondence
/content/drive/MyDrive/Mining documents/Correspondences/PM_MandateLetters/2021/ARCHIVED - Minister of Crown-Indigenous Relations Supplementary Mandate Letter _ Prime Minister of Canada.pdf,1,correspondence
/content/drive/MyDrive/Mining documents/Correspondences/PM_MandateLetters/2021/ARCHIVED - Minister of Diversity and Inclusion and Youth Supplementary Mandate Letter _ Prime Minister of Canada.pdf,1,correspondence
/content/drive/MyDrive/Mining documents/Correspondences/PM_MandateLetters/2021/Minister of Health Mandate Letter _ Prime Minister of Canada.pdf,1,correspondence
/content/drive/MyDrive/Mining documents/Correspondences/PM_MandateLetters/2021/ARCHIVED - Minister of Justice and Attorney General of Canada Supplementary Mandate Letter _ Prime Minister of Canada.pdf,1,correspondence
"/content/drive/MyDrive/Mining documents/Correspondences/PM_MandateLetters/2021/ARCHIVED - Minister of Employment, Workforce Development and Disability Inclusion Supplementary Mandate Letter _ Prime Minister of Canada.pdf",1,correspondence
/content/drive/MyDrive/Mining documents/Correspondences/PM_MandateLetters/2021/ARCHIVED - Minister of Agriculture and Agri-Food Supplementary Mandate Letter _ Prime Minister of Canada.pdf,1,correspondence
/content/drive/MyDrive/Mining documents/Correspondences/PM_MandateLetters/2021/ARCHIVED - Minister of Economic Development and Official Languages Supplementary Mandate Letter _ Prime Minister of Canada.pdf,1,correspondence
"/content/drive/MyDrive/Mining documents/Correspondences/PM_MandateLetters/2021/Minister of Families, Children and Social Development Mandate Letter _ Prime Minister of Canada.pdf",1,correspondence
/content/drive/MyDrive/Mining documents/Correspondences/PM_MandateLetters/2021/President of the King’s Privy Council for Canada and Minister of Emergency Preparedness Mandate Letter _ Prime Minister of Canada.pdf,1,correspondence
/content/drive/MyDrive/Mining documents/Correspondences/PM_MandateLetters/2021/Minister of Public Services and Procurement Mandate Letter _ Prime Minister of Canada.pdf,1,correspondence
/content/drive/MyDrive/Mining documents/Correspondences/PM_MandateLetters/2021/Minister of Tourism and Associate Minister of Finance Mandate Letter _ Prime Minister of Canada.pdf,1,correspondence
/content/drive/MyDrive/Mining documents/Correspondences/PM_MandateLetters/2021/ARCHIVED - Minister of Canadian Heritage Supplementary Mandate Letter _ Prime Minister of Canada.pdf,1,correspondence
"/content/drive/MyDrive/Mining documents/Correspondences/PM_MandateLetters/2021/Minister of International Trade, Export Promotion, Small Business and Economic Development Mandate Letter _ Prime Minister of Canada.pdf",1,correspondence
/content/drive/MyDrive/Mining documents/Correspondences/PM_MandateLetters/2021/Minister of Labour Mandate Letter _ Prime Minister of Canada.pdf,1,correspondence
/content/drive/MyDrive/Mining documents/Correspondences/PM_MandateLetters/2021/ARCHIVED - Minister of Transport Supplementary Mandate Letter _ Prime Minister of Canada.pdf,1,correspondence
/content/drive/MyDrive/Mining documents/Correspondences/PM_MandateLetters/2021/Minister of Seniors Mandate Letter _ Prime Minister of Canada.pdf,1,correspondence
"/content/drive/MyDrive/Mining documents/Correspondences/PM_MandateLetters/2021/ARCHIVED - Minister of Fisheries, Oceans and the Canadian Coast Guard Supplementary Mandate Letter _ Prime Minister of Canada.pdf",1,correspondence
"/content/drive/MyDrive/Mining documents/Correspondences/PM_MandateLetters/2021/ARCHIVED - Minister of Families, Children and Social Development Supplementary Mandate Letter _ Prime Minister of Canada.pdf",1,correspondence
/content/drive/MyDrive/Mining documents/Correspondences/PM_MandateLetters/2021/Minister of Transport Mandate Letter _ Prime Minister of Canada.pdf,1,correspondence
/content/drive/MyDrive/Mining documents/Correspondences/PM_MandateLetters/2021/ARCHIVED - Minister of Middle Class Prosperity and Associate Minister of Finance Supplementary Mandate Letter _ Prime Minister of Canada.pdf,1,correspondence
/content/drive/MyDrive/Mining documents/Correspondences/PM_MandateLetters/2021/Minister of Mental Health and Addictions and Associate Minister of Health Mandate Letter _ Prime Minister of Canada.pdf,1,correspondence
/content/drive/MyDrive/Mining documents/Correspondences/PM_MandateLetters/2021/Minister of Natural Resources Mandate Letter _ Prime Minister of Canada.pdf,1,correspondence
/content/drive/MyDrive/Mining documents/Correspondences/PM_MandateLetters/2021/ARCHIVED - Minister of Natural Resources Supplementary Mandate Letter _ Prime Minister of Canada.pdf,1,correspondence
/content/drive/MyDrive/Mining documents/Correspondences/PM_MandateLetters/2021/Minister of Agriculture and Agri-Food Mandate Letter _ Prime Minister of Canada.pdf,1,correspondence
/content/drive/MyDrive/Mining documents/Correspondences/PM_MandateLetters/2021/Deputy Prime Minister and Minister of Finance Mandate Letter _ Prime Minister of Canada.pdf,1,correspondence
/content/drive/MyDrive/Mining documents/Correspondences/PM_MandateLetters/2021/ARCHIVED - Minister of Foreign Affairs Supplementary Mandate Letter _ Prime Minister of Canada.pdf,1,correspondence
/content/drive/MyDrive/Mining documents/Correspondences/PM_MandateLetters/2021/ARCHIVED - President of the Queen's Privy Council for Canada and Minister of Intergovernmental Affairs Supplementary Mandate Letter _ Prime Minister of Canada.pdf,1,correspondence
/content/drive/MyDrive/Mining documents/Correspondences/PM_MandateLetters/2021/Minister of Indigenous Services and Minister responsible for the Federal Economic Development Agency for Northern Ontario Mandate Letter _ Prime Minister of Canada.pdf,1,correspondence
"/content/drive/MyDrive/Mining documents/Correspondences/PM_MandateLetters/2021/Minister of Immigration, Refugees and Citizenship Mandate Letter _ Prime Minister of Canada.pdf",1,correspondence
/content/drive/MyDrive/Mining documents/Correspondences/PM_MandateLetters/2021/ARCHIVED - Minister of Digital Government Supplementary Mandate Letter _ Prime Minister of Canada.pdf,1,correspondence
/content/drive/MyDrive/Mining documents/Correspondences/PM_MandateLetters/2021/Minister of Environment and Climate Change Mandate Letter _ Prime Minister of Canada.pdf,1,correspondence
"/content/drive/MyDrive/Mining documents/Correspondences/PM_MandateLetters/2021/Minister of Employment, Workforce Development and Disability Inclusion Mandate Letter _ Prime Minister of Canada.pdf",1,correspondence
/content/drive/MyDrive/Mining documents/Correspondences/PM_MandateLetters/2021/ARCHIVED - Minister and Special Representative for the Prairies Mandate Letter _ Prime Minister of Canada.pdf,1,correspondence
/content/drive/MyDrive/Mining documents/Correspondences/PM_MandateLetters/2021/ARCHIVED - Minister of National Defence Supplementary Mandate Letter _ Prime Minister of Canada.pdf,1,correspondence
"/content/drive/MyDrive/Mining documents/Correspondences/PM_MandateLetters/2021/Minister of Fisheries, Oceans and the Canadian Coast Guard Mandate Letter _ Prime Minister of Canada.pdf",1,correspondence
/content/drive/MyDrive/Mining documents/Correspondences/PM_MandateLetters/2021/ARCHIVED - Minister of Public Services and Procurement Supplementary Mandate Letter _ Prime Minister of Canada.pdf,1,correspondence
/content/drive/MyDrive/Mining documents/Correspondences/PM_MandateLetters/2021/Minister of Crown-Indigenous Relations Mandate Letter _ Prime Minister of Canada.pdf,1,correspondence
/content/drive/MyDrive/Mining documents/Correspondences/PM_MandateLetters/2021/Minister of National Revenue Mandate Letter _ Prime Minister of Canada.pdf,1,correspondence
/content/drive/MyDrive/Mining documents/Correspondences/PM_MandateLetters/2021/Leader of the Government in the House of Commons Mandate Letter _ Prime Minister of Canada.pdf,1,correspondence
/content/drive/MyDrive/Mining documents/Correspondences/PM_MandateLetters/2021/Minister of Foreign Affairs Mandate Letter _ Prime Minister of Canada.pdf,1,correspondence
/content/drive/MyDrive/Mining documents/Correspondences/PM_MandateLetters/2021/ARCHIVED - Deputy Prime Minister and Minister of Finance Supplementary Mandate Letter _ Prime Minister of Canada.pdf,1,correspondence
/content/drive/MyDrive/Mining documents/Correspondences/PM_MandateLetters/2021/Minister of Justice and Attorney General of Canada Mandate Letter _ Prime Minister of Canada.pdf,1,correspondence
/content/drive/MyDrive/Mining documents/Correspondences/PM_MandateLetters/2021/Minister of National Defence Mandate Letter _ Prime Minister of Canada.pdf,1,correspondence
/content/drive/MyDrive/Mining documents/Correspondences/PM_MandateLetters/2021/Minister responsible for the Federal Economic Development Agency for Southern Ontario Mandate Letter _ Prime Minister of Canada.pdf,1,correspondence
/content/drive/MyDrive/Mining documents/Correspondences/PM_MandateLetters/2021/ARCHIVED - Minister of Public Safety and Emergency Preparedness Supplementary Mandate Letter _ Prime Minister of Canada.pdf,1,correspondence
/content/drive/MyDrive/Mining documents/Correspondences/PM_MandateLetters/2021/Minister of Housing and Diversity and Inclusion Mandate Letter _ Prime Minister of Canada.pdf,1,correspondence
/content/drive/MyDrive/Mining documents/Correspondences/PM_MandateLetters/2021/ARCHIVED - Leader of the Government in the House of Commons Supplementary Mandate Letter _ Prime Minister of Canada.pdf,1,correspondence
/content/drive/MyDrive/Mining documents/Correspondences/PM_MandateLetters/2023/Minister of Sport and Physical Activity Mandate Letter _ Prime Minister of Canada.pdf,1,correspondence
/content/drive/MyDrive/Mining documents/Correspondences/PM_MandateLetters/2023/Minister of Citizens’ Services Mandate Letter _ Prime Minister of Canada.pdf,1,correspondence
/content/drive/MyDrive/Mining documents/Correspondences/PM_MandateLetters/2017/ARCHIVED - Minister of Public Services and Procurement Mandate Letter _ Prime Minister of Canada.pdf,1,correspondence
/content/drive/MyDrive/Mining documents/Correspondences/PM_MandateLetters/2017/ARCHIVED - Minister of Democratic Institutions Mandate Letter _ Prime Minister of Canada.pdf,1,correspondence
/content/drive/MyDrive/Mining documents/Correspondences/PM_MandateLetters/2017/ARCHIVED - Minister of Status of Women Mandate Letter _ Prime Minister of Canada.pdf,1,correspondence
/content/drive/MyDrive/Mining documents/Correspondences/PM_MandateLetters/2017/ARCHIVED - Minister of Indigenous Services Mandate Letter _ Prime Minister of Canada.pdf,1,correspondence
/content/drive/MyDrive/Mining documents/Correspondences/PM_MandateLetters/2017/ARCHIVED - Minister of Veterans Affairs and Associate Minister of National Defence Mandate Letter _ Prime Minister of Canada.pdf,1,correspondence
/content/drive/MyDrive/Mining documents/Correspondences/PM_MandateLetters/2017/ARCHIVED - Minister of International Trade Mandate Letter _ Prime Minister of Canada.pdf,1,correspondence
/content/drive/MyDrive/Mining documents/Correspondences/PM_MandateLetters/2017/ARCHIVED - Minister of Sport and Persons with Disabilities Mandate Letter _ Prime Minister of Canada.pdf,1,correspondence
/content/drive/MyDrive/Mining documents/Correspondences/PM_MandateLetters/2017/ARCHIVED - Minister of Health Mandate Letter _ Prime Minister of Canada.pdf,1,correspondence
"/content/drive/MyDrive/Mining documents/Correspondences/PM_MandateLetters/2017/ARCHIVED - Minister of Employment, Workforce Development and Labour Mandate Letter _ Prime Minister of Canada.pdf",1,correspondence
/content/drive/MyDrive/Mining documents/Correspondences/PM_MandateLetters/2017/ARCHIVED - Minister of Crown-Indigenous Relations and Northern Affairs Mandate Letter _ Prime Minister of Canada.pdf,1,correspondence
/content/drive/MyDrive/Mining documents/Correspondences/PM_MandateLetters/2017/ARCHIVED - Minister of Foreign Affairs Mandate Letter _ Prime Minister of Canada.pdf,1,correspondence
"/content/drive/MyDrive/Mining documents/Correspondences/PM_MandateLetters/2017/ARCHIVED - Minister of Immigration, Refugees and Citizenship Mandate Letter _ Prime Minister of Canada.pdf",1,correspondence
/content/drive/MyDrive/Mining documents/Correspondences/PM_MandateLetters/2019/ARCHIVED - Leader of the Government in the House of Commons Mandate Letter _ Prime Minister of Canada.pdf,1,correspondence
/content/drive/MyDrive/Mining documents/Correspondences/PM_MandateLetters/2019/ARCHIVED - Minister of Transport Mandate Letter _ Prime Minister of Canada.pdf,1,correspondence
/content/drive/MyDrive/Mining documents/Correspondences/PM_MandateLetters/2019/ARCHIVED - Minister of Diversity and Inclusion and Youth Mandate Letter _ Prime Minister of Canada.pdf,1,correspondence
/content/drive/MyDrive/Mining documents/Correspondences/PM_MandateLetters/2019/ARCHIVED - Minister of Canadian Heritage Mandate Letter _ Prime Minister of Canada.pdf,1,correspondence
/content/drive/MyDrive/Mining documents/Correspondences/PM_MandateLetters/2019/ARCHIVED - Minister of Northern Affairs Mandate Letter _ Prime Minister of Canada.pdf,1,correspondence
/content/drive/MyDrive/Mining documents/Correspondences/PM_MandateLetters/2019/ARCHIVED - Minister of Digital Government Mandate Letter _ Prime Minister of Canada.pdf,1,correspondence
/content/drive/MyDrive/Mining documents/Correspondences/PM_MandateLetters/2019/ARCHIVED - President of the Queen’s Privy Council for Canada Mandate Letter _ Prime Minister of Canada.pdf,1,correspondence
/content/drive/MyDrive/Mining documents/Correspondences/PM_MandateLetters/2019/ARCHIVED - Minister of Finance Mandate Letter _ Prime Minister of Canada.pdf,1,correspondence
/content/drive/MyDrive/Mining documents/Correspondences/PM_MandateLetters/2019/ARCHIVED - Minister of Indigenous Services Mandate Letter _ Prime Minister of Canada.pdf,1,correspondence
/content/drive/MyDrive/Mining documents/Correspondences/PM_MandateLetters/2019/ARCHIVED - Minister of Agriculture and Agri-Food Mandate Letter _ Prime Minister of Canada.pdf,1,correspondence
/content/drive/MyDrive/Mining documents/Correspondences/PM_MandateLetters/2019/ARCHIVED - Minister of Veterans Affairs and Associate Minister of National Defence Mandate Letter _ Prime Minister of Canada.pdf,1,correspondence
/content/drive/MyDrive/Mining documents/Correspondences/PM_MandateLetters/2019/ARCHIVED - Minister of Seniors Mandate Letter _ Prime Minister of Canada.pdf,1,correspondence
/content/drive/MyDrive/Mining documents/Correspondences/PM_MandateLetters/2019/ARCHIVED - Deputy Prime Minister and Minister of Intergovernmental Affairs Mandate Letter _ Prime Minister of Canada.pdf,1,correspondence
/content/drive/MyDrive/Mining documents/Correspondences/PM_MandateLetters/2019/ARCHIVED - Minister of Economic Development and Official Languages Mandate Letter _ Prime Minister of Canada.pdf,1,correspondence
/content/drive/MyDrive/Mining documents/Correspondences/PM_MandateLetters/2019/ARCHIVED - Minister of Foreign Affairs Mandate Letter _ Prime Minister of Canada.pdf,1,correspondence
/content/drive/MyDrive/Mining documents/Correspondences/PM_MandateLetters/2019/ARCHIVED - Minister of Public Services and Procurement Mandate Letter _ Prime Minister of Canada.pdf,1,correspondence
/content/drive/MyDrive/Mining documents/Correspondences/PM_MandateLetters/2019/ARCHIVED - Minister of National Revenue Mandate Letter _ Prime Minister of Canada.pdf,1,correspondence
"/content/drive/MyDrive/Mining documents/Correspondences/PM_MandateLetters/2019/ARCHIVED - Minister of Small Business, Export Promotion and International Trade Mandate Letter _ Prime Minister of Canada.pdf",1,correspondence
/content/drive/MyDrive/Mining documents/Correspondences/PM_MandateLetters/2019/ARCHIVED - Minister of National Defence Mandate Letter _ Prime Minister of Canada.pdf,1,correspondence
"/content/drive/MyDrive/Mining documents/Correspondences/PM_MandateLetters/2019/ARCHIVED - Minister of Fisheries, Oceans and the Canadian Coast Guard Mandate Letter _ Prime Minister of Canada.pdf",1,correspondence
/content/drive/MyDrive/Mining documents/Correspondences/PM_MandateLetters/2019/ARCHIVED - Minister of Health Mandate Letter _ Prime Minister of Canada.pdf,1,correspondence
/content/drive/MyDrive/Mining documents/Correspondences/PM_MandateLetters/2019/ARCHIVED - Minister of Labour Mandate Letter _ Prime Minister of Canada.pdf,1,correspondence
"/content/drive/MyDrive/Mining documents/Correspondences/PM_MandateLetters/2019/ARCHIVED - Minister of Innovation, Science and Industry Mandate Letter _ Prime Minister of Canada.pdf",1,correspondence
/content/drive/MyDrive/Mining documents/Correspondences/PM_MandateLetters/2019/ARCHIVED - Minister for Women and Gender Equality and Rural Economic Development Mandate Letter _ Prime Minister of Canada.pdf,1,correspondence
"/content/drive/MyDrive/Mining documents/Correspondences/PM_MandateLetters/2019/ARCHIVED - Minister of Immigration, Refugees and Citizenship Mandate Letter _ Prime Minister of Canada.pdf",1,correspondence
"/content/drive/MyDrive/Mining documents/Correspondences/PM_MandateLetters/2019/ARCHIVED - Minister of Families, Children and Social Development Mandate Letter _ Prime Minister of Canada.pdf",1,correspondence
/content/drive/MyDrive/Mining documents/Correspondences/PM_MandateLetters/2019/ARCHIVED - Minister of Middle Class Prosperity and Associate Minister of Finance Mandate Letter _ Prime Minister of Canada.pdf,1,correspondence
/content/drive/MyDrive/Mining documents/Correspondences/PM_MandateLetters/2019/ARCHIVED - President of the Treasury Board Mandate Letter _ Prime Minister of Canada.pdf,1,correspondence
/content/drive/MyDrive/Mining documents/Correspondences/PM_MandateLetters/2019/ARCHIVED - Minister of Justice and Attorney General of Canada Mandate Letter _ Prime Minister of Canada.pdf,1,correspondence
/content/drive/MyDrive/Mining documents/Correspondences/PM_MandateLetters/2019/ARCHIVED - Minister of Natural Resources Mandate Letter _ Prime Minister of Canada.pdf,1,correspondence
"/content/drive/MyDrive/Mining documents/Correspondences/PM_MandateLetters/2019/ARCHIVED - Minister of Employment, Workforce Development and Disability Inclusion Mandate Letter _ Prime Minister of Canada.pdf",1,correspondence
/content/drive/MyDrive/Mining documents/Correspondences/PM_MandateLetters/2019/ARCHIVED - Minister of Infrastructure and Communities Mandate Letter _ Prime Minister of Canada.pdf,1,correspondence
/content/drive/MyDrive/Mining documents/Correspondences/PM_MandateLetters/2019/ARCHIVED - Minister of Public Safety and Emergency Preparedness Mandate Letter _ Prime Minister of Canada.pdf,1,correspondence
/content/drive/MyDrive/Mining documents/Correspondences/PM_MandateLetters/2019/ARCHIVED - Minister of International Development Mandate Letter _ Prime Minister of Canada.pdf,1,correspondence
/content/drive/MyDrive/Mining documents/Correspondences/PM_MandateLetters/2019/ARCHIVED - Minister of Crown-Indigenous Relations Mandate Letter _ Prime Minister of Canada.pdf,1,correspondence
/content/drive/MyDrive/Mining documents/Correspondences/PM_MandateLetters/2019/ARCHIVED - Minister of Environment and Climate Change Mandate Letter _ Prime Minister of Canada.pdf,1,correspondence
/content/drive/MyDrive/Mining documents/Correspondences/PM_MandateLetters/2018/ARCHIVED - Minister of Intergovernmental and Northern Affairs and Internal Trade Mandate Letter _ Prime Minister of Canada.pdf,1,correspondence
"/content/drive/MyDrive/Mining documents/Correspondences/PM_MandateLetters/2018/ARCHIVED - Minister of Tourism, Official Languages and La Francophonie Mandate Letter _ Prime Minister of Canada.pdf",1,correspondence
/content/drive/MyDrive/Mining documents/Correspondences/PM_MandateLetters/2018/ARCHIVED - Minister of Border Security and Organized Crime Reduction Mandate Letter _ Prime Minister of Canada.pdf,1,correspondence
/content/drive/MyDrive/Mining documents/Correspondences/PM_MandateLetters/2018/ARCHIVED - Minister of Canadian Heritage and Multiculturalism Mandate Letter _ Prime Minister of Canada.pdf,1,correspondence
/content/drive/MyDrive/Mining documents/Correspondences/PM_MandateLetters/2018/ARCHIVED - Minister of Small Business and Export Promotion Mandate Letter _ Prime Minister of Canada.pdf,1,correspondence
/content/drive/MyDrive/Mining documents/Correspondences/PM_MandateLetters/2018/ARCHIVED - Minister of Seniors Mandate Letter _ Prime Minister of Canada.pdf,1,correspondence
/content/drive/MyDrive/Mining documents/Correspondences/PM_MandateLetters/2018/ARCHIVED - Minister of International Trade Diversification Mandate Letter _ Prime Minister of Canada.pdf,1,correspondence
/content/drive/MyDrive/Mining documents/Correspondences/PM_MandateLetters/2018/ARCHIVED - Minister of Natural Resources Mandate Letter _ Prime Minister of Canada.pdf,1,correspondence
/content/drive/MyDrive/Mining documents/Correspondences/PM_MandateLetters/2018/ARCHIVED - Minister of Infrastructure and Communities Mandate Letter _ Prime Minister of Canada.pdf,1,correspondence
"/content/drive/MyDrive/Mining documents/Correspondences/PM_MandateLetters/2018/ARCHIVED - Minister of Fisheries, Oceans and the Canadian Coast Guard Mandate Letter _ Prime Minister of Canada.pdf",1,correspondence
/content/drive/MyDrive/Mining documents/Correspondences/PM_MandateLetters/2015/ARCHIVED - Minister of Agriculture and Agri-Food Mandate Letter _ Prime Minister of Canada.pdf,1,correspondence
/content/drive/MyDrive/Mining documents/Correspondences/PM_MandateLetters/2015/ARCHIVED - Leader of the Government in the House of Commons Mandate Letter _ Prime Minister of Canada.pdf,1,correspondence
/content/drive/MyDrive/Mining documents/Correspondences/PM_MandateLetters/2015/ARCHIVED - Minister of Canadian Heritage Mandate Letter _ Prime Minister of Canada.pdf,1,correspondence
/content/drive/MyDrive/Mining documents/Correspondences/PM_MandateLetters/2015/ARCHIVED - Minister of Public Services and Procurement Mandate Letter _ Prime Minister of Canada.pdf,1,correspondence
/content/drive/MyDrive/Mining documents/Correspondences/PM_MandateLetters/2015/ARCHIVED - Minister of Finance Mandate Letter _ Prime Minister of Canada.pdf,1,correspondence
/content/drive/MyDrive/Mining documents/Correspondences/PM_MandateLetters/2015/ARCHIVED - Minister of Transport Mandate Letter _ Prime Minister of Canada.pdf,1,correspondence
/content/drive/MyDrive/Mining documents/Correspondences/PM_MandateLetters/2015/ARCHIVED - Minister of Veterans Affairs and Associate Minister of National Defence Mandate Letter _ Prime Minister of Canada.pdf,1,correspondence
/content/drive/MyDrive/Mining documents/Correspondences/PM_MandateLetters/2015/ARCHIVED - Minister of International Trade Mandate Letter _ Prime Minister of Canada.pdf,1,correspondence
/content/drive/MyDrive/Mining documents/Correspondences/PM_MandateLetters/2015/ARCHIVED - Minister of Status of Women Mandate Letter _ Prime Minister of Canada.pdf,1,correspondence
/content/drive/MyDrive/Mining documents/Correspondences/PM_MandateLetters/2015/ARCHIVED - Minister of Democratic Institutions Mandate Letter _ Prime Minister of Canada.pdf,1,correspondence
"/content/drive/MyDrive/Mining documents/Correspondences/PM_MandateLetters/2015/ARCHIVED - Minister of Innovation, Science and Economic Development Mandate Letter _ Prime Minister of Canada.pdf",1,correspondence
/content/drive/MyDrive/Mining documents/Correspondences/PM_MandateLetters/2015/ARCHIVED - Minister of Foreign Affairs Mandate Letter _ Prime Minister of Canada.pdf,1,correspondence
/content/drive/MyDrive/Mining documents/Correspondences/PM_MandateLetters/2015/ARCHIVED - Minister of National Revenue Mandate Letter _ Prime Minister of Canada.pdf,1,correspondence
/content/drive/MyDrive/Mining documents/Correspondences/PM_MandateLetters/2015/ARCHIVED - Minister of National Defence Mandate Letter _ Prime Minister of Canada.pdf,1,correspondence
/content/drive/MyDrive/Mining documents/Correspondences/PM_MandateLetters/2015/ARCHIVED - Minister of Science Mandate Letter _ Prime Minister of Canada.pdf,1,correspondence
/content/drive/MyDrive/Mining documents/Correspondences/PM_MandateLetters/2015/ARCHIVED - Minister of Health Mandate Letter _ Prime Minister of Canada.pdf,1,correspondence
"/content/drive/MyDrive/Mining documents/Correspondences/PM_MandateLetters/2015/ARCHIVED - Minister of Fisheries, Oceans and the Canadian Coast Guard Mandate Letter _ Prime Minister of Canada.pdf",1,correspondence
/content/drive/MyDrive/Mining documents/Correspondences/PM_MandateLetters/2015/ARCHIVED - Minister of Sport and Persons with Disabilities Mandate Letter _ Prime Minister of Canada.pdf,1,correspondence
/content/drive/MyDrive/Mining documents/Correspondences/PM_MandateLetters/2015/ARCHIVED - President of the Treasury Board of Canada Mandate Letter _ Prime Minister of Canada.pdf,1,correspondence
/content/drive/MyDrive/Mining documents/Correspondences/PM_MandateLetters/2015/ARCHIVED - Minister of Indigenous and Northern Affairs Mandate Letter _ Prime Minister of Canada.pdf,1,correspondence
/content/drive/MyDrive/Mining documents/Correspondences/PM_MandateLetters/2015/ARCHIVED - Minister of Justice and Attorney General of Canada Mandate Letter _ Prime Minister of Canada.pdf,1,correspondence
"/content/drive/MyDrive/Mining documents/Correspondences/PM_MandateLetters/2015/ARCHIVED - Minister of Immigration, Refugees and Citizenship Mandate Letter _ Prime Minister of Canada.pdf",1,correspondence
/content/drive/MyDrive/Mining documents/Correspondences/PM_MandateLetters/2015/ARCHIVED - Minister of International Development and La Francophonie Mandate Letter _ Prime Minister of Canada.pdf,1,correspondence
/content/drive/MyDrive/Mining documents/Correspondences/PM_MandateLetters/2015/ARCHIVED - Minister of Public Safety and Emergency Preparedness Mandate Letter _ Prime Minister of Canada.pdf,1,correspondence
/content/drive/MyDrive/Mining documents/Correspondences/PM_MandateLetters/2015/ARCHIVED - Minister of Natural Resources Mandate Letter _ Prime Minister of Canada.pdf,1,correspondence
/content/drive/MyDrive/Mining documents/Correspondences/PM_MandateLetters/2015/ARCHIVED - Minister of Small Business and Tourism Mandate Letter _ Prime Minister of Canada.pdf,1,correspondence
"/content/drive/MyDrive/Mining documents/Correspondences/PM_MandateLetters/2015/ARCHIVED - Minister of Families, Children and Social Development Mandate Letter _ Prime Minister of Canada.pdf",1,correspondence
"/content/drive/MyDrive/Mining documents/Correspondences/PM_MandateLetters/2015/ARCHIVED - Minister of Employment, Workforce Development and Labour Mandate Letter _ Prime Minister of Canada.pdf",1,correspondence
/content/drive/MyDrive/Mining documents/Correspondences/PM_MandateLetters/2015/ARCHIVED - Minister of Environment and Climate Change Mandate Letter _ Prime Minister of Canada.pdf,1,correspondence
/content/drive/MyDrive/Mining documents/Correspondences/PM_MandateLetters/2015/ARCHIVED - Minister of Infrastructure and Communities Mandate Letter _ Prime Minister of Canada.pdf,1,correspondence
/content/drive/MyDrive/Mining documents/Correspondences/PM_MandateLetters/2016/ARCHIVED - Leader of the Government in the House of Commons Mandate Letter _ Prime Minister of Canada.pdf,1,correspondence
"/content/drive/MyDrive/Mining documents/Correspondences/PM_MandateLetters/2016/ARCHIVED - Minister of Fisheries, Oceans and the Canadian Coast Guard Mandate Letter _ Prime Minister of Canada.pdf",1,correspondence
"/content/drive/MyDrive/Mining documents/Correspondences/PM_MandateLetters/2016/ARCHIVED - Minister of Employment, Workforce Development and Labour Mandate Letter _ Prime Minister of Canada.pdf",1,correspondence
"/content/drive/MyDrive/Mining documents/Correspondences/PM_MandateLetters/2016/ARCHIVED - Minister of Families, Children and Social Development Mandate Letter _ Prime Minister of Canada.pdf",1,correspondence
/content/drive/MyDrive/Mining documents/Correspondences/BC_PostsecondaryLetters/mandate-langara-college.pdf,1,correspondence
/content/drive/MyDrive/Mining documents/Correspondences/BC_PostsecondaryLetters/mandate-northern-lights-college.pdf,1,correspondence
/content/drive/MyDrive/Mining documents/Correspondences/BC_PostsecondaryLetters/mandate-thompson-rivers-university.pdf,1,correspondence
/content/drive/MyDrive/Mining documents/Correspondences/BC_PostsecondaryLetters/mandate-college-of-new-caledonia.pdf,1,correspondence
/content/drive/MyDrive/Mining documents/Correspondences/BC_PostsecondaryLetters/mandate-british-columbia-institute-of-technology.pdf,1,correspondence
/content/drive/MyDrive/Mining documents/Correspondences/BC_PostsecondaryLetters/mandate-university-of-british-columbia.pdf,1,correspondence
/content/drive/MyDrive/Mining documents/Correspondences/BC_PostsecondaryLetters/mandate-simon-fraser-university.pdf,1,correspondence
/content/drive/MyDrive/Mining documents/Correspondences/BC_PostsecondaryLetters/mandate-capilano-university.pdf,1,correspondence
/content/drive/MyDrive/Mining documents/Correspondences/BC_PostsecondaryLetters/mandate-douglas-college.pdf,1,correspondence
/content/drive/MyDrive/Mining documents/Correspondences/BC_PostsecondaryLetters/mandate-emily-carr-university-of-art-and-design.pdf,1,correspondence
/content/drive/MyDrive/Mining documents/Correspondences/BC_PostsecondaryLetters/mandate-camosun-college.pdf,1,correspondence
/content/drive/MyDrive/Mining documents/Correspondences/BC_PostsecondaryLetters/mandate-nicola-valley-institute-of-technology.pdf,1,correspondence
/content/drive/MyDrive/Mining documents/Correspondences/BC_PostsecondaryLetters/mandate-university-of-the-fraser-valley.pdf,1,correspondence
/content/drive/MyDrive/Mining documents/Correspondences/BC_PostsecondaryLetters/mandate-university-of-victoria.pdf,1,correspondence
/content/drive/MyDrive/Mining documents/Correspondences/BC_PostsecondaryLetters/mandate-selkirk-college.pdf,1,correspondence
/content/drive/MyDrive/Mining documents/Correspondences/BC_PostsecondaryLetters/mandate-okanagan-college.pdf,1,correspondence
/content/drive/MyDrive/Mining documents/Correspondences/BC_PostsecondaryLetters/mandate-college-of-the-rockies.pdf,1,correspondence
/content/drive/MyDrive/Mining documents/Correspondences/BC_PostsecondaryLetters/mandate-north-island-college.pdf,1,correspondence
/content/drive/MyDrive/Mining documents/Correspondences/BC_PostsecondaryLetters/mandate-vancouver-island-university.pdf,1,correspondence
/content/drive/MyDrive/Mining documents/Correspondences/BC_PostsecondaryLetters/mandate-coast-mountain-college.pdf,1,correspondence
/content/drive/MyDrive/Mining documents/Correspondences/BC_PostsecondaryLetters/mandate-kwantlen-polytechnic-university.pdf,1,correspondence
/content/drive/MyDrive/Mining documents/Correspondences/BC_PostsecondaryLetters/mandate-vancouver-community-college.pdf,1,correspondence
/content/drive/MyDrive/Mining documents/Correspondences/BC_PostsecondaryLetters/mandate-university-of-northern-british-columbia.pdf,1,correspondence
/content/drive/MyDrive/Mining documents/Correspondences/BC_PostsecondaryLetters/mandate-justice-institute-of-british-columbia.pdf,1,correspondence
/content/drive/MyDrive/Mining documents/Correspondences/BC_PostsecondaryLetters/mandate-royal-roads-university.pdf,1,correspondence
/content/drive/MyDrive/Mining documents/Correspondences/ON_MandateLetters/Archived - 2014 Mandate letter_ Research and Innovation _ ontario.ca.pdf,1,correspondence
/content/drive/MyDrive/Mining documents/Correspondences/ON_MandateLetters/Archived - 2014 Mandate letter_ Education _ ontario.ca.pdf,1,correspondence
/content/drive/MyDrive/Mining documents/Correspondences/ON_MandateLetters/Archived - Mandate letter progress_ Environment and Climate Change _ ontario.ca.pdf,1,correspondence
"/content/drive/MyDrive/Mining documents/Correspondences/ON_MandateLetters/Archived - September 2016 Mandate letter_ Agriculture, Food and Rural Affairs _ ontario.ca.pdf",1,correspondence
"/content/drive/MyDrive/Mining documents/Correspondences/ON_MandateLetters/Archived - 2014 Mandate letter_ Training, Colleges and Universities _ ontario.ca.pdf",1,correspondence
/content/drive/MyDrive/Mining documents/Correspondences/ON_MandateLetters/Archived - September 2016 Mandate letter_ Community Safety and Correctional Services _ ontario.ca.pdf,1,correspondence
/content/drive/MyDrive/Mining documents/Correspondences/ON_MandateLetters/Archived - September 2016 Mandate letter_ International Trade _ ontario.ca.pdf,1,correspondence
/content/drive/MyDrive/Mining documents/Correspondences/ON_MandateLetters/Archived - September 2016 Mandate letter_ Natural Resources and Forestry _ ontario.ca.pdf,1,correspondence
/content/drive/MyDrive/Mining documents/Correspondences/ON_MandateLetters/Archived - 2014 Mandate letter_ Attorney General _ ontario.ca.pdf,1,correspondence
/content/drive/MyDrive/Mining documents/Correspondences/ON_MandateLetters/Archived - 2014 Mandate letter_ Children and Youth Services _ ontario.ca.pdf,1,correspondence
/content/drive/MyDrive/Mining documents/Correspondences/ON_MandateLetters/Archived - September 2016 Mandate letter_ Municipal Affairs _ ontario.ca.pdf,1,correspondence
/content/drive/MyDrive/Mining documents/Correspondences/ON_MandateLetters/Archived - 2014 Mandate letter_ Government and Consumer Services _ ontario.ca.pdf,1,correspondence
/content/drive/MyDrive/Mining documents/Correspondences/ON_MandateLetters/Archived - 2014 Mandate letter_ Francophone Affairs _ ontario.ca.pdf,1,correspondence
/content/drive/MyDrive/Mining documents/Correspondences/ON_MandateLetters/Archived - September 2016 Mandate letter_ Accessibility _ ontario.ca.pdf,1,correspondence
/content/drive/MyDrive/Mining documents/Correspondences/ON_MandateLetters/Archived - 2014 Mandate letter_ Aboriginal Affairs _ ontario.ca.pdf,1,correspondence
/content/drive/MyDrive/Mining documents/Correspondences/ON_MandateLetters/Archived - September 2016 Mandate letter_ Education _ ontario.ca.pdf,1,correspondence
/content/drive/MyDrive/Mining documents/Correspondences/ON_MandateLetters/Archived - September 2016 Mandate letter_ Intergovernmental Affairs _ ontario.ca.pdf,1,correspondence
"/content/drive/MyDrive/Mining documents/Correspondences/ON_MandateLetters/Archived - 2014 Mandate letter_ Citizenship, Immigration and International Trade _ ontario.ca.pdf",1,correspondence
/content/drive/MyDrive/Mining documents/Correspondences/ON_MandateLetters/Archived - Mandate letter progress_ Francophone Affairs _ ontario.ca.pdf,1,correspondence
/content/drive/MyDrive/Mining documents/Correspondences/ON_MandateLetters/Archived - September 2016 Mandate letter_ Transportation _ ontario.ca.pdf,1,correspondence
/content/drive/MyDrive/Mining documents/Correspondences/ON_MandateLetters/Archived - September 2016 Mandate letter_ Citizenship and Immigration _ ontario.ca.pdf,1,correspondence
/content/drive/MyDrive/Mining documents/Correspondences/ON_MandateLetters/Archived - Mandate letter progress_ Northern Development and Mines _ ontario.ca.pdf,1,correspondence
/content/drive/MyDrive/Mining documents/Correspondences/ON_MandateLetters/Archived - Mandate letter progress_ Aboriginal Affairs _ ontario.ca.pdf,1,correspondence
/content/drive/MyDrive/Mining documents/Correspondences/ON_MandateLetters/Archived - September 2016 Mandate letter_ Infrastructure _ ontario.ca.pdf,1,correspondence
/content/drive/MyDrive/Mining documents/Correspondences/ON_MandateLetters/Archived - 2014 Mandate letter_ Long-Term Care and Wellness _ ontario.ca.pdf,1,correspondence
/content/drive/MyDrive/Mining documents/Correspondences/ON_MandateLetters/Archived - Mandate letter progress_ Government and Consumer Services _ ontario.ca.pdf,1,correspondence
/content/drive/MyDrive/Mining documents/Correspondences/ON_MandateLetters/Archived - Mandate letter progress_ Research and Innovation _ ontario.ca.pdf,1,correspondence
/content/drive/MyDrive/Mining documents/Correspondences/ON_MandateLetters/Archived - September 2016 Mandate letter_ Economic Development and Growth _ ontario.ca.pdf,1,correspondence
/content/drive/MyDrive/Mining documents/Correspondences/ON_MandateLetters/Archived - Mandate letter progress_ Pan_Parapan American Games Secretariat _ ontario.ca.pdf,1,correspondence
"/content/drive/MyDrive/Mining documents/Correspondences/ON_MandateLetters/Archived - Mandate letter progress_ Economic Development, Employment and Infrastructure _ ontario.ca.pdf",1,correspondence
/content/drive/MyDrive/Mining documents/Correspondences/ON_MandateLetters/Archived - 2014 Mandate letter_ Northern Development and Mines _ ontario.ca.pdf,1,correspondence
/content/drive/MyDrive/Mining documents/Correspondences/ON_MandateLetters/Archived - September 2016 Mandate letter_ Children and Youth Services _ ontario.ca.pdf,1,correspondence
/content/drive/MyDrive/Mining documents/Correspondences/ON_MandateLetters/Archived - 2014 Mandate letter_ Intergovernmental Affairs _ ontario.ca.pdf,1,correspondence
/content/drive/MyDrive/Mining documents/Correspondences/ON_MandateLetters/Archived - Mandate letter progress_ Health and Long-Term Care _ ontario.ca.pdf,1,correspondence
/content/drive/MyDrive/Mining documents/Correspondences/ON_MandateLetters/Archived - September 2016 Mandate letter_ Energy _ ontario.ca.pdf,1,correspondence
/content/drive/MyDrive/Mining documents/Correspondences/ON_MandateLetters/Archived - September 2016 Mandate letter_ Housing and Poverty Reduction Strategy _ ontario.ca_2.pdf,1,correspondence
/content/drive/MyDrive/Mining documents/Correspondences/ON_MandateLetters/Archived - September 2016 Mandate letter_ Women’s Directorate _ ontario.ca.pdf,1,correspondence
/content/drive/MyDrive/Mining documents/Correspondences/ON_MandateLetters/Archived - 2014 Mandate letter_ Transportation _ ontario.ca.pdf,1,correspondence
/content/drive/MyDrive/Mining documents/Correspondences/ON_MandateLetters/Archived - Mandate letter progress_ Energy _ ontario.ca.pdf,1,correspondence
/content/drive/MyDrive/Mining documents/Correspondences/ON_MandateLetters/Archived - 2014 Mandate letter_ Treasury Board Secretariat _ ontario.ca.pdf,1,correspondence
/content/drive/MyDrive/Mining documents/Correspondences/ON_MandateLetters/Archived - Mandate letter progress_ Community and Social Services _ ontario.ca.pdf,1,correspondence
"/content/drive/MyDrive/Mining documents/Correspondences/ON_MandateLetters/Archived - Mandate letter progress_ Training, Colleges and Universities _ ontario.ca.pdf",1,correspondence
/content/drive/MyDrive/Mining documents/Correspondences/ON_MandateLetters/Archived - September 2016 Mandate letter_ Attorney General _ ontario.ca.pdf,1,correspondence
/content/drive/MyDrive/Mining documents/Correspondences/ON_MandateLetters/Archived - 2014 Mandate letter_ Labour _ ontario.ca.pdf,1,correspondence
/content/drive/MyDrive/Mining documents/Correspondences/ON_MandateLetters/Archived - September 2016 Mandate letter_ Housing and Poverty Reduction Strategy _ ontario.ca.pdf,1,correspondence
/content/drive/MyDrive/Mining documents/Correspondences/ON_MandateLetters/Archived - 2014 Mandate letter_ Community and Social Services _ ontario.ca.pdf,1,correspondence
/content/drive/MyDrive/Mining documents/Correspondences/ON_MandateLetters/Archived - September 2016 Mandate letter_ Government and Consumer Services _ ontario.ca.pdf,1,correspondence
/content/drive/MyDrive/Mining documents/Correspondences/ON_MandateLetters/Archived - 2014 Mandate letter_ Environment and Climate Change _ ontario.ca.pdf,1,correspondence
"/content/drive/MyDrive/Mining documents/Correspondences/ON_MandateLetters/Archived - 2014 Mandate letter_ Tourism, Culture and Sport _ ontario.ca.pdf",1,correspondence
/content/drive/MyDrive/Mining documents/Correspondences/ON_MandateLetters/Archived - September 2016 Mandate letter_ Finance _ ontario.ca.pdf,1,correspondence
/content/drive/MyDrive/Mining documents/Correspondences/ON_MandateLetters/Archived - Mandate letter progress_ Labour _ ontario.ca.pdf,1,correspondence
/content/drive/MyDrive/Mining documents/Correspondences/ON_MandateLetters/Archived - September 2016 Mandate letter_ Labour _ ontario.ca.pdf,1,correspondence
/content/drive/MyDrive/Mining documents/Correspondences/ON_MandateLetters/Archived - Mandate letter progress_ Municipal Affairs and Housing _ ontario.ca.pdf,1,correspondence
/content/drive/MyDrive/Mining documents/Correspondences/ON_MandateLetters/Archived - Mandate letter progress_ Seniors’ Secretariat _ ontario.ca.pdf,1,correspondence
/content/drive/MyDrive/Mining documents/Correspondences/ON_MandateLetters/Archived - September 2016 Mandate letter_ Digital Government _ ontario.ca.pdf,1,correspondence
/content/drive/MyDrive/Mining documents/Correspondences/ON_MandateLetters/Archived - September 2016 Mandate letter_ Community and Social Services _ ontario.ca.pdf,1,correspondence
/content/drive/MyDrive/Mining documents/Correspondences/ON_MandateLetters/Archived - Mandate letter progress_ Transportation _ ontario.ca.pdf,1,correspondence
/content/drive/MyDrive/Mining documents/Correspondences/ON_MandateLetters/Archived - 2014 Mandate letter_ Pan_Parapan American Games Secretariat _ ontario.ca.pdf,1,correspondence
/content/drive/MyDrive/Mining documents/Correspondences/ON_MandateLetters/Archived - 2014 Mandate letter_ Municipal Affairs and Housing _ ontario.ca.pdf,1,correspondence
/content/drive/MyDrive/Mining documents/Correspondences/ON_MandateLetters/Archived - September 2016 Mandate letter_ Seniors' Secretariat _ ontario.ca.pdf,1,correspondence
/content/drive/MyDrive/Mining documents/Correspondences/ON_MandateLetters/Archived - September 2016 Mandate letter_ Francophone Affairs _ ontario.ca.pdf,1,correspondence
/content/drive/MyDrive/Mining documents/Correspondences/ON_MandateLetters/Archived - 2014 Mandate letter_ Community Safety and Correctional Services _ ontario.ca.pdf,1,correspondence
/content/drive/MyDrive/Mining documents/Correspondences/ON_MandateLetters/Archived - Mandate letter progress_ Community Safety and Correctional Services _ ontario.ca.pdf,1,correspondence
/content/drive/MyDrive/Mining documents/Correspondences/ON_MandateLetters/Archived - Mandate letter progress_ Education _ ontario.ca.pdf,1,correspondence
/content/drive/MyDrive/Mining documents/Correspondences/ON_MandateLetters/Archived - Mandate letter progress_ Treasury Board Secretariat _ ontario.ca.pdf,1,correspondence
/content/drive/MyDrive/Mining documents/Correspondences/ON_MandateLetters/Archived - September 2016 Mandate letter_ Health and Long-Term Care _ ontario.ca.pdf,1,correspondence
"/content/drive/MyDrive/Mining documents/Correspondences/ON_MandateLetters/Archived - Mandate letter progress_ Tourism, Culture and Sport _ ontario.ca.pdf",1,correspondence
/content/drive/MyDrive/Mining documents/Correspondences/ON_MandateLetters/Archived - 2014 Mandate letter_ Seniors' Secretariat _ ontario.ca.pdf,1,correspondence
/content/drive/MyDrive/Mining documents/Correspondences/ON_MandateLetters/Archived - 2014 Mandate letter_ Energy _ ontario.ca.pdf,1,correspondence
"/content/drive/MyDrive/Mining documents/Correspondences/ON_MandateLetters/Archived - Mandate letter progress_ Agriculture, Food and Rural Affairs _ ontario.ca.pdf",1,correspondence
/content/drive/MyDrive/Mining documents/Correspondences/ON_MandateLetters/Archived - 2014 Mandate letter_ Natural Resources and Forestry _ ontario.ca.pdf,1,correspondence
"/content/drive/MyDrive/Mining documents/Correspondences/ON_MandateLetters/Archived - September 2016 Mandate letter_ Research, Innovation and Science _ ontario.ca.pdf",1,correspondence
/content/drive/MyDrive/Mining documents/Correspondences/ON_MandateLetters/Archived - Mandate letter progress_ Natural Resources and Forestry _ ontario.ca.pdf,1,correspondence
"/content/drive/MyDrive/Mining documents/Correspondences/ON_MandateLetters/Archived - 2014 Mandate letter_ Agriculture, Food and Rural Affairs _ ontario.ca.pdf",1,correspondence
/content/drive/MyDrive/Mining documents/Correspondences/ON_MandateLetters/Archived - September 2016 Mandate letter_ Indigenous Relations and Reconciliation _ ontario.ca.pdf,1,correspondence
/content/drive/MyDrive/Mining documents/Correspondences/ON_MandateLetters/Archived - Mandate letter progress_ Intergovernmental Affairs _ ontario.ca.pdf,1,correspondence
"/content/drive/MyDrive/Mining documents/Correspondences/ON_MandateLetters/Archived - 2014 Mandate letter_ Economic Development, Employment and Infrastructure _ ontario.ca.pdf",1,correspondence
/content/drive/MyDrive/Mining documents/Correspondences/ON_MandateLetters/Archived - Mandate letter progress_ Finance _ ontario.ca.pdf,1,correspondence
/content/drive/MyDrive/Mining documents/Correspondences/ON_MandateLetters/Archived - Mandate letter progress_ Long-Term Care and Wellness _ ontario.ca.pdf,1,correspondence
/content/drive/MyDrive/Mining documents/Correspondences/ON_MandateLetters/Archived - September 2016 Mandate letter_ Environment and Climate Change _ ontario.ca.pdf,1,correspondence
/content/drive/MyDrive/Mining documents/Correspondences/ON_MandateLetters/Archived - Mandate letter progress_ Children and Youth Services _ ontario.ca.pdf,1,correspondence
/content/drive/MyDrive/Mining documents/Correspondences/ON_MandateLetters/Archived - 2014 Mandate letter_ Health and Long-Term Care _ ontario.ca.pdf,1,correspondence
/content/drive/MyDrive/Mining documents/Correspondences/ON_MandateLetters/Archived - September 2016 Mandate letter_ Anti-Racism Directorate _ ontario.ca.pdf,1,correspondence
/content/drive/MyDrive/Mining documents/Correspondences/ON_MandateLetters/Archived - Mandate letter progress_ Attorney General _ ontario.ca.pdf,1,correspondence
/content/drive/MyDrive/Mining documents/Correspondences/ON_MandateLetters/Archived - September 2016 Mandate letter_ Advanced Education and Skills Development _ ontario.ca.pdf,1,correspondence
/content/drive/MyDrive/Mining documents/Correspondences/ON_MandateLetters/Archived - 2014 Mandate letter_ Women’s Directorate _ ontario.ca.pdf,1,correspondence
/content/drive/MyDrive/Mining documents/Correspondences/ON_MandateLetters/Archived - 2014 Mandate letter_ Finance _ ontario.ca.pdf,1,correspondence
/content/drive/MyDrive/Mining documents/Correspondences/ON_MandateLetters/Archived - September 2016 Mandate letter_ Education - Early Years and Child Care _ ontario.ca.pdf,1,correspondence
/content/drive/MyDrive/Mining documents/Correspondences/ON_MandateLetters/Archived - September 2016 Mandate letter_ Northern Development and Mines _ ontario.ca.pdf,1,correspondence
/content/drive/MyDrive/Mining documents/Correspondences/ON_MandateLetters/Archived - September 2016 Mandate letter_ Treasury Board Secretariat _ ontario.ca.pdf,1,correspondence
"/content/drive/MyDrive/Mining documents/Correspondences/ON_MandateLetters/Archived - Mandate letter progress_ Citizenship, Immigration and International Trade _ ontario.ca.pdf",1,correspondence
/content/drive/MyDrive/Mining documents/Correspondences/ON_MandateLetters/Archived - Mandate letter progress_ Ontario Retirement Pension Plan _ ontario.ca.pdf,1,correspondence
/content/drive/MyDrive/Mining documents/Correspondences/ON_MandateLetters/Archived - 2014 Mandate letter_ Ontario Retirement Pension Plan _ ontario.ca.pdf,1,correspondence
"/content/drive/MyDrive/Mining documents/Correspondences/ON_MandateLetters/Archived - September 2016 Mandate letter_ Tourism, Culture and Sport _ ontario.ca.pdf",1,correspondence
/content/drive/MyDrive/Mining documents/Correspondences/ON_MandateLetters/Archived - Mandate letter progress_ Women’s Directorate _ ontario.ca.pdf,1,correspondence
/content/drive/MyDrive/Mining documents/Correspondences/AB_MinisterialLetters/jsg-minister-letter-to-rcmp-k-division-commanding-officer-2022-09-26.pdf,1,correspondence
/content/drive/MyDrive/Mining documents/Correspondences/AB_MinisterialLetters/energy-ministerial-letters-to-minister-natural-resources-canada-streamlining-project-approvals.pdf,1,correspondence
/content/drive/MyDrive/Mining documents/Correspondences/AB_MinisterialLetters/jus-ministerial-letter-to-minister-public-safety-canada-firearms-2023-10.pdf,1,correspondence
/content/drive/MyDrive/Mining documents/Correspondences/AB_MinisterialLetters/jsg-acfo-letter-to-minister-of-public-safety-preparedness-of-canada-2022-04-12.pdf,1,correspondence
/content/drive/MyDrive/Mining documents/Correspondences/AB_MinisterialLetters/goa-letter-to-prime-minister-of-canada-from-premier-of-alberta-2021-06-17.pdf,1,correspondence
/content/drive/MyDrive/Mining documents/Correspondences/AB_MinisterialLetters/jsg-ministerial-letters-other-jurisdictions-firearm-confiscation.pdf,1,correspondence
/content/drive/MyDrive/Mining documents/Correspondences/AB_MinisterialLetters/jsg-ministerial-letters-to-minister-of-public-safety-of-canada-coaldale-rcmp-2022-06.pdf,1,correspondence
/content/drive/MyDrive/Mining documents/Correspondences/AB_MinisterialLetters/jus-ministerial-letters-to-minister-justice-attorney-general-canada-firearms-act-charges-final.pdf,1,correspondence
/content/drive/MyDrive/Mining documents/Correspondences/AB_MinisterialLetters/ma-chestermere-municipal-inspection-financial-review-minister-letter-2024-05-10.pdf,1,correspondence
/content/drive/MyDrive/Mining documents/Correspondences/AB_MinisterialLetters/national-geographic-letter-final2019-06.pdf,1,correspondence
/content/drive/MyDrive/Mining documents/Correspondences/AB_MinisterialLetters/politico-letter-final-2019-06.pdf,1,correspondence
/content/drive/MyDrive/Mining documents/Correspondences/AB_MinisterialLetters/mrs-letter-to-elcc-centre-operators-july222019-nosignature.pdf,1,correspondence
/content/drive/MyDrive/Mining documents/Correspondences/AB_MinisterialLetters/jsg-ministerial-letters-to-minister-of-public-safety-of-canada-firearm-confiscation-final.pdf,1,correspondence
/content/drive/MyDrive/Mining documents/Correspondences/AB_MinisterialLetters/jsg-ministerial-letters-to-federal-government-combatting-human-trafficking.pdf,1,correspondence
/content/drive/MyDrive/Mining documents/Correspondences/AB_MinisterialLetters/jsg-minister-letter-to-edmonton-mayor-public-safety-2022-05-26.pdf,1,correspondence
